Id,Predicted
0,153900.0
1,250600.0
2,241800.0
3,183800.0
4,78200.0
5,43500.0
6,58400.0
7,33400.0
8,62300.0
9,150000.0
10,112000.0
11,145500.0
12,41800.0
13,62600.0
14,350500.0
15,56800.0
16,17400.0
17,87100.0
18,64400.0
19,172800.0
20,1106700.0
21,142600.0
22,55100.0
23,64100.0
24,408000.0
25,35600.0
26,58400.0
27,78400.0
28,91500.0
29,112100.0
30,40400.0
31,371000.0
32,548900.0
33,184900.0
34,77100.0
35,36800.0
36,45900.0
37,16700.0
38,24300.0
39,78700.0
40,64400.0
41,19700.0
42,135100.0
43,29700.0
44,97500.0
45,61200.0
46,154000.0
47,144600.0
48,101000.0
49,53100.0
50,46500.0
51,14800.0
52,65900.0
53,43300.0
54,15400.0
55,40100.0
56,159700.0
57,66300.0
58,56800.0
59,38500.0
60,552800.0
61,354800.0
62,25400.0
63,1001900.0
64,78200.0
65,114800.0
66,49300.0
67,17500.0
68,146000.0
69,82400.0
70,67200.0
71,199200.0
72,118800.0
73,219300.0
74,242800.0
75,32400.0
76,31600.0
77,432400.0
78,70000.0
79,51000.0
80,101000.0
81,191600.0
82,127600.0
83,202500.0
84,52900.0
85,86700.0
86,50000.0
87,30800.0
88,178500.0
89,73700.0
90,101200.0
91,48600.0
92,33900.0
93,137400.0
94,85300.0
95,95400.0
96,182800.0
97,69700.0
98,71000.0
99,31600.0
100,54300.0
101,65400.0
102,19800.0
103,100700.0
104,75000.0
105,87400.0
106,58700.0
107,58300.0
108,30700.0
109,39400.0
110,38600.0
111,45100.0
112,64500.0
113,83100.0
114,22100.0
115,146500.0
116,52200.0
117,14400.0
118,54500.0
119,22000.0
120,33000.0
121,80400.0
122,59100.0
123,175600.0
124,60100.0
125,57300.0
126,95000.0
127,208400.0
128,24400.0
129,194300.0
130,102700.0
131,797900.0
132,114700.0
133,15400.0
134,39000.0
135,53000.0
136,559100.0
137,36100.0
138,30900.0
139,67500.0
140,56100.0
141,56800.0
142,50400.0
143,80000.0
144,63200.0
145,301900.0
146,38700.0
147,38800.0
148,227700.0
149,130900.0
150,114100.0
151,81000.0
152,92500.0
153,121000.0
154,238000.0
155,29500.0
156,211000.0
157,91900.0
158,69700.0
159,31200.0
160,821400.0
161,79200.0
162,54400.0
163,9300.0
164,12100.0
165,112200.0
166,258900.0
167,42800.0
168,18400.0
169,63000.0
170,4200.0
171,87700.0
172,101300.0
173,157200.0
174,107000.0
175,42000.0
176,38400.0
177,69600.0
178,36300.0
179,107300.0
180,24900.0
181,19900.0
182,34900.0
183,125000.0
184,98900.0
185,68100.0
186,40600.0
187,79000.0
188,75600.0
189,19100.0
190,124800.0
191,84300.0
192,155600.0
193,67800.0
194,236900.0
195,179900.0
196,59200.0
197,63400.0
198,43300.0
199,102500.0
200,72900.0
201,200300.0
202,133800.0
203,202700.0
204,63300.0
205,55200.0
206,49900.0
207,34300.0
208,113700.0
209,70900.0
210,103200.0
211,104600.0
212,169200.0
213,105100.0
214,27400.0
215,239000.0
216,105300.0
217,89300.0
218,49500.0
219,77100.0
220,265100.0
221,75100.0
222,22900.0
223,252400.0
224,191500.0
225,68200.0
226,88800.0
227,250200.0
228,54100.0
229,43800.0
230,40000.0
231,95700.0
232,54700.0
233,140500.0
234,31400.0
235,130300.0
236,97800.0
237,90200.0
238,170900.0
239,273400.0
240,244800.0
241,48500.0
242,85300.0
243,203600.0
244,46100.0
245,302500.0
246,56300.0
247,133600.0
248,23200.0
249,49800.0
250,8300.0
251,1269100.0
252,96700.0
253,29600.0
254,31400.0
255,84400.0
256,297200.0
257,53700.0
258,134100.0
259,105900.0
260,40100.0
261,50000.0
262,67800.0
263,77100.0
264,177600.0
265,67500.0
266,234200.0
267,82900.0
268,95100.0
269,174700.0
270,68400.0
271,74700.0
272,36200.0
273,85700.0
274,162100.0
275,75500.0
276,81300.0
277,138800.0
278,58200.0
279,35100.0
280,205700.0
281,51500.0
282,97200.0
283,28600.0
284,66900.0
285,41200.0
286,143800.0
287,12000.0
288,77400.0
289,183000.0
290,7600.0
291,41400.0
292,61500.0
293,120700.0
294,90400.0
295,26200.0
296,39800.0
297,18100.0
298,52200.0
299,86200.0
300,146100.0
301,389000.0
302,45700.0
303,56000.0
304,47600.0
305,101200.0
306,34300.0
307,83500.0
308,97900.0
309,57300.0
310,440600.0
311,145500.0
312,64100.0
313,57900.0
314,42600.0
315,60600.0
316,100900.0
317,61200.0
318,118400.0
319,91900.0
320,165100.0
321,91300.0
322,22800.0
323,144600.0
324,146600.0
325,349900.0
326,158100.0
327,74600.0
328,83500.0
329,173700.0
330,38300.0
331,100400.0
332,77700.0
333,64800.0
334,105500.0
335,80500.0
336,170100.0
337,61600.0
338,74600.0
339,153400.0
340,85300.0
341,94200.0
342,226300.0
343,58700.0
344,39900.0
345,21800.0
346,190500.0
347,15600.0
348,61500.0
349,54100.0
350,97000.0
351,199700.0
352,38400.0
353,14800.0
354,143400.0
355,200600.0
356,80400.0
357,603900.0
358,92700.0
359,136100.0
360,124700.0
361,94600.0
362,161600.0
363,40400.0
364,181000.0
365,154000.0
366,248100.0
367,30700.0
368,33700.0
369,76800.0
370,103800.0
371,30000.0
372,162100.0
373,80300.0
374,42500.0
375,109800.0
376,92600.0
377,101700.0
378,55600.0
379,39500.0
380,22000.0
381,76400.0
382,255300.0
383,131200.0
384,10700.0
385,10700.0
386,71300.0
387,63800.0
388,71900.0
389,64200.0
390,243900.0
391,77200.0
392,53200.0
393,339500.0
394,96500.0
395,83600.0
396,264000.0
397,127500.0
398,63300.0
399,173400.0
400,34900.0
401,74300.0
402,224900.0
403,14800.0
404,30500.0
405,303900.0
406,109700.0
407,35200.0
408,145000.0
409,64300.0
410,79600.0
411,128000.0
412,25000.0
413,142900.0
414,18300.0
415,98200.0
416,71100.0
417,33600.0
418,119100.0
419,83600.0
420,56800.0
421,14200.0
422,106300.0
423,71500.0
424,46500.0
425,50500.0
426,43100.0
427,112700.0
428,300100.0
429,13900.0
430,195700.0
431,150500.0
432,151100.0
433,36200.0
434,455200.0
435,226000.0
436,71600.0
437,96300.0
438,20200.0
439,59100.0
440,26000.0
441,104700.0
442,94600.0
443,43800.0
444,87800.0
445,123900.0
446,109700.0
447,44700.0
448,84700.0
449,17200.0
450,42200.0
451,80600.0
452,58600.0
453,57000.0
454,63400.0
455,39800.0
456,42700.0
457,95000.0
458,68700.0
459,200300.0
460,20000.0
461,53700.0
462,307600.0
463,28000.0
464,70000.0
465,51900.0
466,80400.0
467,160000.0
468,84500.0
469,205300.0
470,68300.0
471,79200.0
472,69800.0
473,167200.0
474,97100.0
475,174900.0
476,38800.0
477,112500.0
478,246500.0
479,130400.0
480,81900.0
481,64000.0
482,117700.0
483,171400.0
484,40800.0
485,266000.0
486,218400.0
487,73800.0
488,137500.0
489,58000.0
490,87400.0
491,120800.0
492,243900.0
493,159800.0
494,62200.0
495,32000.0
496,36700.0
497,60400.0
498,20700.0
499,30800.0
500,18400.0
501,30000.0
502,65100.0
503,52900.0
504,301600.0
505,95300.0
506,44300.0
507,91400.0
508,19200.0
509,94900.0
510,85700.0
511,118600.0
512,71900.0
513,82700.0
514,122700.0
515,372300.0
516,73100.0
517,74200.0
518,26700.0
519,85100.0
520,19900.0
521,34400.0
522,120200.0
523,164800.0
524,138600.0
525,178700.0
526,95000.0
527,93300.0
528,35400.0
529,17800.0
530,123800.0
531,108900.0
532,84600.0
533,74700.0
534,45600.0
535,56800.0
536,243200.0
537,74600.0
538,162100.0
539,127000.0
540,33100.0
541,237400.0
542,123100.0
543,58600.0
544,67300.0
545,57900.0
546,69800.0
547,62000.0
548,54000.0
549,88400.0
550,25900.0
551,180700.0
552,197400.0
553,282700.0
554,51300.0
555,66700.0
556,78600.0
557,49400.0
558,143900.0
559,59700.0
560,79500.0
561,93300.0
562,221300.0
563,58100.0
564,57300.0
565,8300.0
566,46900.0
567,100400.0
568,252500.0
569,35200.0
570,94300.0
571,72500.0
572,49900.0
573,36400.0
574,79800.0
575,182800.0
576,49100.0
577,78600.0
578,14700.0
579,64100.0
580,74600.0
581,274000.0
582,380700.0
583,33700.0
584,16000.0
585,92300.0
586,63300.0
587,85100.0
588,30500.0
589,137000.0
590,188500.0
591,25900.0
592,204500.0
593,21000.0
594,49400.0
595,90100.0
596,323300.0
597,68800.0
598,155600.0
599,20800.0
600,34200.0
601,274800.0
602,118400.0
603,296600.0
604,151800.0
605,94200.0
606,139800.0
607,30600.0
608,41400.0
609,89900.0
610,20900.0
611,198300.0
612,35600.0
613,89400.0
614,71400.0
615,88300.0
616,101700.0
617,129900.0
618,66200.0
619,82500.0
620,35200.0
621,465300.0
622,6100.0
623,59500.0
624,132000.0
625,76300.0
626,109800.0
627,28100.0
628,47100.0
629,174800.0
630,89800.0
631,113300.0
632,190300.0
633,49400.0
634,36700.0
635,43000.0
636,88400.0
637,54200.0
638,101300.0
639,101400.0
640,198700.0
641,48900.0
642,110700.0
643,85600.0
644,146200.0
645,15500.0
646,86800.0
647,251500.0
648,106000.0
649,71200.0
650,95400.0
651,39100.0
652,71900.0
653,78700.0
654,444000.0
655,107500.0
656,79000.0
657,132200.0
658,87700.0
659,102800.0
660,166000.0
661,92000.0
662,47100.0
663,410700.0
664,49400.0
665,19000.0
666,63400.0
667,80400.0
668,40600.0
669,103000.0
670,99400.0
671,68300.0
672,63000.0
673,25200.0
674,47700.0
675,71000.0
676,278800.0
677,101600.0
678,148400.0
679,47800.0
680,229400.0
681,137800.0
682,21200.0
683,103600.0
684,129400.0
685,100900.0
686,62800.0
687,52200.0
688,225600.0
689,161200.0
690,24100.0
691,55200.0
692,71100.0
693,84000.0
694,125800.0
695,167300.0
696,254000.0
697,138600.0
698,187700.0
699,57900.0
700,212900.0
701,69100.0
702,68300.0
703,152100.0
704,22600.0
705,86200.0
706,157100.0
707,141400.0
708,100100.0
709,11200.0
710,82600.0
711,299100.0
712,169300.0
713,758700.0
714,112100.0
715,100000.0
716,106800.0
717,38100.0
718,135800.0
719,76600.0
720,60100.0
721,306900.0
722,69400.0
723,61300.0
724,152000.0
725,58400.0
726,50800.0
727,13300.0
728,65800.0
729,30400.0
730,89600.0
731,69000.0
732,117800.0
733,63300.0
734,59700.0
735,41500.0
736,42500.0
737,49500.0
738,80600.0
739,27500.0
740,43600.0
741,61300.0
742,108900.0
743,74400.0
744,130500.0
745,105100.0
746,113700.0
747,81300.0
748,48500.0
749,228000.0
750,216900.0
751,88200.0
752,213700.0
753,491300.0
754,310000.0
755,98200.0
756,2049600.0
757,215700.0
758,78100.0
759,43600.0
760,55900.0
761,96900.0
762,26100.0
763,45700.0
764,173100.0
765,81500.0
766,78900.0
767,114800.0
768,65300.0
769,71000.0
770,63900.0
771,169200.0
772,89100.0
773,59300.0
774,8800.0
775,119300.0
776,51700.0
777,59300.0
778,36800.0
779,75000.0
780,14500.0
781,235900.0
782,50400.0
783,146000.0
784,35900.0
785,32000.0
786,195400.0
787,44900.0
788,43600.0
789,44700.0
790,31300.0
791,116900.0
792,85700.0
793,159500.0
794,81300.0
795,215100.0
796,46100.0
797,34700.0
798,70600.0
799,28200.0
800,18300.0
801,48900.0
802,198700.0
803,125400.0
804,49200.0
805,48800.0
806,272800.0
807,23900.0
808,249400.0
809,36200.0
810,72600.0
811,95100.0
812,64000.0
813,278000.0
814,11000.0
815,30400.0
816,26900.0
817,40400.0
818,208100.0
819,26800.0
820,57100.0
821,75000.0
822,43000.0
823,18300.0
824,1457500.0
825,69500.0
826,43800.0
827,93100.0
828,34200.0
829,67900.0
830,19000.0
831,38200.0
832,97700.0
833,38600.0
834,146000.0
835,93600.0
836,70600.0
837,89100.0
838,61400.0
839,64900.0
840,77100.0
841,60700.0
842,9900.0
843,49200.0
844,119000.0
845,29700.0
846,75700.0
847,54400.0
848,262700.0
849,78100.0
850,60400.0
851,58300.0
852,54000.0
853,55300.0
854,32000.0
855,19900.0
856,140500.0
857,80400.0
858,57300.0
859,129000.0
860,136500.0
861,175900.0
862,28700.0
863,79900.0
864,7300.0
865,16100.0
866,13900.0
867,90300.0
868,49400.0
869,134000.0
870,114800.0
871,97000.0
872,119800.0
873,42400.0
874,539600.0
875,71400.0
876,404300.0
877,268600.0
878,56800.0
879,94800.0
880,38800.0
881,517300.0
882,73800.0
883,35500.0
884,10300.0
885,37900.0
886,274500.0
887,134800.0
888,745900.0
889,41300.0
890,129200.0
891,332000.0
892,68100.0
893,36500.0
894,332900.0
895,144500.0
896,155000.0
897,88400.0
898,71000.0
899,38200.0
900,67000.0
901,83100.0
902,52400.0
903,7100.0
904,113800.0
905,63800.0
906,73100.0
907,36900.0
908,184800.0
909,62600.0
910,69900.0
911,617000.0
912,92700.0
913,54500.0
914,74600.0
915,16100.0
916,140900.0
917,47300.0
918,85200.0
919,57700.0
920,206500.0
921,103900.0
922,62300.0
923,323300.0
924,190300.0
925,93700.0
926,149600.0
927,74600.0
928,112900.0
929,31000.0
930,39100.0
931,168700.0
932,63800.0
933,85100.0
934,127500.0
935,39400.0
936,39900.0
937,28000.0
938,109800.0
939,110400.0
940,94600.0
941,29500.0
942,316000.0
943,77000.0
944,47400.0
945,82600.0
946,48400.0
947,77200.0
948,73800.0
949,48900.0
950,88600.0
951,164300.0
952,73600.0
953,117700.0
954,25000.0
955,80000.0
956,49400.0
957,99200.0
958,56500.0
959,114700.0
960,160400.0
961,21900.0
962,8500.0
963,35300.0
964,132800.0
965,1035500.0
966,90900.0
967,61600.0
968,35800.0
969,71300.0
970,32100.0
971,79500.0
972,8700.0
973,91900.0
974,43000.0
975,84100.0
976,50600.0
977,81800.0
978,109400.0
979,28800.0
980,192400.0
981,44200.0
982,86200.0
983,90600.0
984,127900.0
985,33800.0
986,98400.0
987,64400.0
988,238000.0
989,607200.0
990,28400.0
991,15400.0
992,54400.0
993,58400.0
994,48800.0
995,56700.0
996,46200.0
997,85900.0
998,78700.0
999,55900.0
1000,61000.0
1001,124400.0
1002,63900.0
1003,27400.0
1004,10700.0
1005,147100.0
1006,30700.0
1007,177900.0
1008,40500.0
1009,87100.0
1010,64500.0
1011,28200.0
1012,21700.0
1013,27700.0
1014,95700.0
1015,71100.0
1016,185200.0
1017,104400.0
1018,99100.0
1019,81600.0
1020,57600.0
1021,50700.0
1022,18400.0
1023,58500.0
1024,68100.0
1025,39900.0
1026,42200.0
1027,29600.0
1028,26300.0
1029,46200.0
1030,41500.0
1031,64600.0
1032,105300.0
1033,67100.0
1034,233500.0
1035,9600.0
1036,9400.0
1037,37700.0
1038,124300.0
1039,114200.0
1040,11700.0
1041,74600.0
1042,213700.0
1043,112700.0
1044,160700.0
1045,226100.0
1046,59600.0
1047,536900.0
1048,184000.0
1049,66700.0
1050,28100.0
1051,295600.0
1052,140100.0
1053,130700.0
1054,77900.0
1055,80300.0
1056,29900.0
1057,146500.0
1058,62200.0
1059,111100.0
1060,84200.0
1061,38300.0
1062,122700.0
1063,106100.0
1064,11000.0
1065,96700.0
1066,46300.0
1067,123200.0
1068,46800.0
1069,102900.0
1070,61000.0
1071,36300.0
1072,230700.0
1073,54100.0
1074,443200.0
1075,169200.0
1076,90300.0
1077,105300.0
1078,173600.0
1079,85300.0
1080,66400.0
1081,60500.0
1082,108700.0
1083,108400.0
1084,135200.0
1085,386800.0
1086,53600.0
1087,90500.0
1088,177600.0
1089,103300.0
1090,119600.0
1091,92700.0
1092,80900.0
1093,49900.0
1094,74500.0
1095,50000.0
1096,85900.0
1097,88200.0
1098,124700.0
1099,35100.0
1100,20700.0
1101,56500.0
1102,76000.0
1103,55700.0
1104,23100.0
1105,139600.0
1106,59700.0
1107,76800.0
1108,162900.0
1109,73800.0
1110,180900.0
1111,106000.0
1112,71500.0
1113,36900.0
1114,132100.0
1115,48900.0
1116,199700.0
1117,150000.0
1118,143800.0
1119,101400.0
1120,61400.0
1121,62300.0
1122,106000.0
1123,57600.0
1124,63300.0
1125,51900.0
1126,118500.0
1127,858900.0
1128,503500.0
1129,124500.0
1130,36600.0
1131,56800.0
1132,72300.0
1133,147600.0
1134,77500.0
1135,46500.0
1136,57400.0
1137,31900.0
1138,6900.0
1139,131300.0
1140,172400.0
1141,31900.0
1142,59300.0
1143,96500.0
1144,83600.0
1145,447400.0
1146,72800.0
1147,23900.0
1148,55600.0
1149,17800.0
1150,66500.0
1151,75100.0
1152,33700.0
1153,109000.0
1154,96300.0
1155,63500.0
1156,62000.0
1157,16900.0
1158,86500.0
1159,35300.0
1160,415900.0
1161,75200.0
1162,47500.0
1163,180300.0
1164,66700.0
1165,79000.0
1166,75000.0
1167,50400.0
1168,48200.0
1169,105700.0
1170,116000.0
1171,78100.0
1172,208300.0
1173,91700.0
1174,84400.0
1175,32000.0
1176,58800.0
1177,159500.0
1178,16800.0
1179,362800.0
1180,35100.0
1181,113800.0
1182,122700.0
1183,98200.0
1184,33300.0
1185,67200.0
1186,98300.0
1187,126500.0
1188,48700.0
1189,9100.0
1190,173200.0
1191,22300.0
1192,14700.0
1193,16400.0
1194,26300.0
1195,120300.0
1196,131800.0
1197,117100.0
1198,88600.0
1199,408000.0
1200,84000.0
1201,29000.0
1202,52300.0
1203,227700.0
1204,54300.0
1205,300400.0
1206,159700.0
1207,59800.0
1208,84100.0
1209,52600.0
1210,121400.0
1211,104400.0
1212,84000.0
1213,78000.0
1214,102300.0
1215,87900.0
1216,47400.0
1217,30100.0
1218,81400.0
1219,113400.0
1220,100700.0
1221,69100.0
1222,674200.0
1223,82100.0
1224,70100.0
1225,58000.0
1226,72100.0
1227,354200.0
1228,64000.0
1229,27600.0
1230,198200.0
1231,116900.0
1232,57100.0
1233,61100.0
1234,101000.0
1235,40500.0
1236,38400.0
1237,288700.0
1238,524400.0
1239,36300.0
1240,105500.0
1241,61900.0
1242,104400.0
1243,53500.0
1244,112300.0
1245,67100.0
1246,95300.0
1247,144500.0
1248,115800.0
1249,61900.0
1250,65500.0
1251,59300.0
1252,213200.0
1253,99500.0
1254,45800.0
1255,170800.0
1256,78700.0
1257,50800.0
1258,12800.0
1259,72100.0
1260,99900.0
1261,43300.0
1262,67600.0
1263,83600.0
1264,68600.0
1265,442800.0
1266,55700.0
1267,90100.0
1268,22800.0
1269,45500.0
1270,8000.0
1271,74700.0
1272,42900.0
1273,23300.0
1274,154200.0
1275,309800.0
1276,101700.0
1277,88000.0
1278,16800.0
1279,61800.0
1280,465900.0
1281,36300.0
1282,95400.0
1283,283900.0
1284,66000.0
1285,75900.0
1286,99200.0
1287,82500.0
1288,183500.0
1289,744800.0
1290,47700.0
1291,41300.0
1292,51800.0
1293,78500.0
1294,242900.0
1295,43800.0
1296,122400.0
1297,68100.0
1298,41700.0
1299,94100.0
1300,31000.0
1301,104500.0
1302,49600.0
1303,111000.0
1304,133300.0
1305,63600.0
1306,194500.0
1307,137200.0
1308,53900.0
1309,130600.0
1310,82100.0
1311,131300.0
1312,462900.0
1313,59300.0
1314,52000.0
1315,41000.0
1316,97900.0
1317,31400.0
1318,262400.0
1319,77500.0
1320,19400.0
1321,81400.0
1322,164600.0
1323,103300.0
1324,51700.0
1325,68500.0
1326,75500.0
1327,66900.0
1328,12100.0
1329,248200.0
1330,72800.0
1331,98600.0
1332,40100.0
1333,57800.0
1334,27300.0
1335,40800.0
1336,207700.0
1337,95400.0
1338,155600.0
1339,115600.0
1340,89500.0
1341,64200.0
1342,52900.0
1343,122300.0
1344,57600.0
1345,113500.0
1346,46600.0
1347,82600.0
1348,141000.0
1349,139100.0
1350,54600.0
1351,72900.0
1352,64200.0
1353,153100.0
1354,43800.0
1355,108200.0
1356,53700.0
1357,58300.0
1358,49800.0
1359,45400.0
1360,50200.0
1361,241000.0
1362,51500.0
1363,660900.0
1364,75500.0
1365,164300.0
1366,139000.0
1367,207900.0
1368,74900.0
1369,91000.0
1370,74700.0
1371,75000.0
1372,39200.0
1373,103100.0
1374,9900.0
1375,42200.0
1376,44500.0
1377,124500.0
1378,102100.0
1379,182600.0
1380,97200.0
1381,61200.0
1382,138700.0
1383,237900.0
1384,242100.0
1385,70800.0
1386,126400.0
1387,122400.0
1388,72400.0
1389,15900.0
1390,27000.0
1391,74700.0
1392,57200.0
1393,39400.0
1394,25200.0
1395,65600.0
1396,75500.0
1397,25200.0
1398,62400.0
1399,70000.0
1400,131700.0
1401,91500.0
1402,48500.0
1403,58400.0
1404,82200.0
1405,78700.0
1406,26600.0
1407,82700.0
1408,61500.0
1409,50700.0
1410,178600.0
1411,67000.0
1412,218600.0
1413,187200.0
1414,20200.0
1415,66800.0
1416,48300.0
1417,41300.0
1418,52200.0
1419,88700.0
1420,48300.0
1421,189400.0
1422,120400.0
1423,13600.0
1424,40000.0
1425,162200.0
1426,151500.0
1427,44200.0
1428,19000.0
1429,60600.0
1430,416300.0
1431,181900.0
1432,52200.0
1433,12600.0
1434,15500.0
1435,35700.0
1436,35200.0
1437,195600.0
1438,57900.0
1439,85100.0
1440,101400.0
1441,109800.0
1442,156300.0
1443,744900.0
1444,117100.0
1445,88200.0
1446,52200.0
1447,39900.0
1448,191100.0
1449,108300.0
1450,176500.0
1451,127000.0
1452,108300.0
1453,219300.0
1454,103900.0
1455,103600.0
1456,114300.0
1457,413300.0
1458,125500.0
1459,315800.0
1460,231300.0
1461,205600.0
1462,87000.0
1463,150100.0
1464,157600.0
1465,60800.0
1466,85800.0
1467,19200.0
1468,36900.0
1469,128600.0
1470,84700.0
1471,1004600.0
1472,88200.0
1473,104600.0
1474,411200.0
1475,121500.0
1476,54200.0
1477,202900.0
1478,65000.0
1479,47100.0
1480,40100.0
1481,20000.0
1482,46000.0
1483,80800.0
1484,71500.0
1485,24400.0
1486,78500.0
1487,95000.0
1488,40100.0
1489,160900.0
1490,93900.0
1491,132700.0
1492,30500.0
1493,84700.0
1494,521900.0
1495,236700.0
1496,151900.0
1497,83800.0
1498,175600.0
1499,43100.0
1500,152900.0
1501,77400.0
1502,147800.0
1503,173200.0
1504,52600.0
1505,21100.0
1506,196500.0
1507,50500.0
1508,61900.0
1509,278100.0
1510,1428400.0
1511,75400.0
1512,85800.0
1513,43600.0
1514,52100.0
1515,79300.0
1516,67400.0
1517,16800.0
1518,51500.0
1519,75000.0
1520,93900.0
1521,232900.0
1522,213200.0
1523,249000.0
1524,80800.0
1525,61600.0
1526,114100.0
1527,46600.0
1528,147700.0
1529,282200.0
1530,317000.0
1531,36200.0
1532,116600.0
1533,36100.0
1534,138700.0
1535,58100.0
1536,75000.0
1537,31800.0
1538,55400.0
1539,21600.0
1540,645000.0
1541,214100.0
1542,35600.0
1543,10800.0
1544,24200.0
1545,73700.0
1546,18700.0
1547,51000.0
1548,15300.0
1549,103600.0
1550,47000.0
1551,24600.0
1552,49300.0
1553,165800.0
1554,111700.0
1555,190000.0
1556,48600.0
1557,67100.0
1558,16700.0
1559,204600.0
1560,45900.0
1561,91100.0
1562,37900.0
1563,126300.0
1564,127600.0
1565,142700.0
1566,28400.0
1567,333300.0
1568,138900.0
1569,49900.0
1570,98200.0
1571,44300.0
1572,151800.0
1573,74400.0
1574,112500.0
1575,43100.0
1576,74400.0
1577,51200.0
1578,79700.0
1579,107200.0
1580,38900.0
1581,60300.0
1582,60800.0
1583,25000.0
1584,72000.0
1585,83800.0
1586,29300.0
1587,89000.0
1588,96300.0
1589,36600.0
1590,123500.0
1591,95000.0
1592,83200.0
1593,52900.0
1594,64700.0
1595,202900.0
1596,20600.0
1597,228600.0
1598,78900.0
1599,247400.0
1600,51400.0
1601,115300.0
1602,250200.0
1603,79600.0
1604,317200.0
1605,58500.0
1606,42800.0
1607,73000.0
1608,97800.0
1609,105600.0
1610,83700.0
1611,243500.0
1612,61300.0
1613,32000.0
1614,118800.0
1615,51600.0
1616,84300.0
1617,51500.0
1618,429500.0
1619,73600.0
1620,49900.0
1621,105500.0
1622,87200.0
1623,164900.0
1624,67200.0
1625,59300.0
1626,41300.0
1627,49600.0
1628,92400.0
1629,31800.0
1630,93800.0
1631,109800.0
1632,49200.0
1633,80800.0
1634,113800.0
1635,99700.0
1636,42600.0
1637,208500.0
1638,107000.0
1639,113500.0
1640,49100.0
1641,10400.0
1642,38000.0
1643,124100.0
1644,77600.0
1645,25900.0
1646,35500.0
1647,127400.0
1648,51500.0
1649,64000.0
1650,974900.0
1651,162800.0
1652,73100.0
1653,91200.0
1654,126400.0
1655,77000.0
1656,59200.0
1657,159100.0
1658,55600.0
1659,58300.0
1660,114500.0
1661,75400.0
1662,73600.0
1663,5600.0
1664,80400.0
1665,80100.0
1666,28500.0
1667,87600.0
1668,75800.0
1669,17600.0
1670,43600.0
1671,69200.0
1672,374400.0
1673,84400.0
1674,38100.0
1675,50400.0
1676,132900.0
1677,78500.0
1678,52900.0
1679,264700.0
1680,16000.0
1681,42800.0
1682,89000.0
1683,186300.0
1684,102100.0
1685,52100.0
1686,52700.0
1687,114700.0
1688,92400.0
1689,31900.0
1690,51600.0
1691,28500.0
1692,94000.0
1693,98900.0
1694,61900.0
1695,169600.0
1696,188200.0
1697,99600.0
1698,63200.0
1699,63500.0
1700,182800.0
1701,37400.0
1702,18000.0
1703,71800.0
1704,100700.0
1705,73100.0
1706,66800.0
1707,24000.0
1708,123700.0
1709,72100.0
1710,36400.0
1711,83300.0
1712,48800.0
1713,72700.0
1714,81800.0
1715,182200.0
1716,100000.0
1717,123700.0
1718,9200.0
1719,159400.0
1720,55000.0
1721,70000.0
1722,17100.0
1723,148600.0
1724,32200.0
1725,170100.0
1726,57600.0
1727,46600.0
1728,91900.0
1729,92200.0
1730,91800.0
1731,147900.0
1732,42200.0
1733,70300.0
1734,79100.0
1735,70900.0
1736,55300.0
1737,185600.0
1738,108300.0
1739,38100.0
1740,18500.0
1741,77000.0
1742,10600.0
1743,55000.0
1744,74700.0
1745,48200.0
1746,62500.0
1747,87400.0
1748,121900.0
1749,375200.0
1750,298800.0
1751,119100.0
1752,72500.0
1753,82200.0
1754,88200.0
1755,77400.0
1756,69900.0
1757,52900.0
1758,14000.0
1759,59400.0
1760,52800.0
1761,68300.0
1762,60700.0
1763,148800.0
1764,12100.0
1765,40700.0
1766,52800.0
1767,418600.0
1768,38900.0
1769,133500.0
1770,171700.0
1771,79500.0
1772,19300.0
1773,23900.0
1774,97400.0
1775,96800.0
1776,121000.0
1777,149600.0
1778,46100.0
1779,33800.0
1780,499100.0
1781,349000.0
1782,54400.0
1783,190500.0
1784,51400.0
1785,968700.0
1786,47200.0
1787,29600.0
1788,35500.0
1789,55600.0
1790,272800.0
1791,101900.0
1792,13200.0
1793,61600.0
1794,159100.0
1795,100500.0
1796,126200.0
1797,488500.0
1798,131500.0
1799,102000.0
1800,85600.0
1801,135800.0
1802,55400.0
1803,25800.0
1804,76300.0
1805,62200.0
1806,93800.0
1807,163600.0
1808,64200.0
1809,104400.0
1810,151400.0
1811,40900.0
1812,161100.0
1813,120200.0
1814,75900.0
1815,37000.0
1816,114300.0
1817,21000.0
1818,116400.0
1819,37400.0
1820,170300.0
1821,38800.0
1822,98600.0
1823,95300.0
1824,75600.0
1825,65700.0
1826,202400.0
1827,59800.0
1828,86500.0
1829,92100.0
1830,127700.0
1831,65800.0
1832,68900.0
1833,54500.0
1834,17700.0
1835,73900.0
1836,74500.0
1837,28400.0
1838,65200.0
1839,43100.0
1840,72800.0
1841,20700.0
1842,62600.0
1843,61600.0
1844,66200.0
1845,129000.0
1846,59500.0
1847,56700.0
1848,27600.0
1849,184600.0
1850,783300.0
1851,60200.0
1852,53800.0
1853,48100.0
1854,220000.0
1855,11500.0
1856,16100.0
1857,89400.0
1858,52500.0
1859,30300.0
1860,55700.0
1861,18900.0
1862,202800.0
1863,43500.0
1864,111100.0
1865,88600.0
1866,91500.0
1867,61500.0
1868,106500.0
1869,99400.0
1870,117000.0
1871,19300.0
1872,50300.0
1873,10400.0
1874,107200.0
1875,18900.0
1876,341000.0
1877,139100.0
1878,143400.0
1879,107800.0
1880,76900.0
1881,213600.0
1882,217800.0
1883,67800.0
1884,115500.0
1885,20800.0
1886,1045400.0
1887,70400.0
1888,71900.0
1889,181700.0
1890,55000.0
1891,56900.0
1892,137900.0
1893,358200.0
1894,51000.0
1895,47300.0
1896,354100.0
1897,443300.0
1898,183100.0
1899,125200.0
1900,34100.0
1901,284700.0
1902,7900.0
1903,92500.0
1904,1076900.0
1905,16500.0
1906,75100.0
1907,68500.0
1908,101500.0
1909,72900.0
1910,178700.0
1911,18800.0
1912,132100.0
1913,41300.0
1914,105600.0
1915,24900.0
1916,86500.0
1917,28400.0
1918,112100.0
1919,74700.0
1920,19100.0
1921,129800.0
1922,93400.0
1923,16900.0
1924,50300.0
1925,51900.0
1926,12000.0
1927,47500.0
1928,167000.0
1929,136200.0
1930,94800.0
1931,37400.0
1932,89700.0
1933,34900.0
1934,131600.0
1935,223100.0
1936,30700.0
1937,84900.0
1938,283300.0
1939,46000.0
1940,13600.0
1941,44300.0
1942,101500.0
1943,49800.0
1944,8200.0
1945,88600.0
1946,37300.0
1947,51300.0
1948,39900.0
1949,83000.0
1950,309700.0
1951,125300.0
1952,60300.0
1953,171700.0
1954,233800.0
1955,66700.0
1956,69200.0
1957,205300.0
1958,181500.0
1959,18600.0
1960,124500.0
1961,96400.0
1962,46500.0
1963,97000.0
1964,62500.0
1965,77700.0
1966,54000.0
1967,55300.0
1968,25300.0
1969,100900.0
1970,44800.0
1971,80400.0
1972,25700.0
1973,47900.0
1974,117600.0
1975,21300.0
1976,72100.0
1977,233400.0
1978,162100.0
1979,62100.0
1980,134900.0
1981,178300.0
1982,101600.0
1983,30200.0
1984,1280900.0
1985,85300.0
1986,173100.0
1987,102100.0
1988,82700.0
1989,60400.0
1990,86200.0
1991,6600.0
1992,55100.0
1993,246500.0
1994,128300.0
1995,109400.0
1996,42600.0
1997,109400.0
1998,152200.0
1999,444800.0
2000,61900.0
2001,152700.0
2002,253300.0
2003,295700.0
2004,116200.0
2005,13000.0
2006,102800.0
2007,189700.0
2008,62800.0
2009,73900.0
2010,11600.0
2011,62100.0
2012,47300.0
2013,54700.0
2014,39500.0
2015,361500.0
2016,209900.0
2017,68500.0
2018,42800.0
2019,118500.0
2020,98300.0
2021,76600.0
2022,99600.0
2023,81900.0
2024,43600.0
2025,86000.0
2026,341600.0
2027,156800.0
2028,76800.0
2029,64500.0
2030,167000.0
2031,261700.0
2032,47700.0
2033,237900.0
2034,45000.0
2035,138500.0
2036,69500.0
2037,78300.0
2038,55600.0
2039,82900.0
2040,102300.0
2041,71200.0
2042,66600.0
2043,104800.0
2044,55800.0
2045,133100.0
2046,132500.0
2047,102900.0
2048,96100.0
2049,100500.0
2050,35500.0
2051,101200.0
2052,131600.0
2053,51600.0
2054,737200.0
2055,78900.0
2056,71800.0
2057,62100.0
2058,121000.0
2059,81900.0
2060,41600.0
2061,96500.0
2062,60800.0
2063,56400.0
2064,16000.0
2065,79200.0
2066,340200.0
2067,55800.0
2068,73300.0
2069,88600.0
2070,567100.0
2071,133500.0
2072,63200.0
2073,94800.0
2074,36200.0
2075,109800.0
2076,93500.0
2077,32000.0
2078,77300.0
2079,12900.0
2080,17800.0
2081,126900.0
2082,30100.0
2083,46200.0
2084,31400.0
2085,43700.0
2086,118500.0
2087,500500.0
2088,43800.0
2089,13700.0
2090,62200.0
2091,82200.0
2092,54100.0
2093,125600.0
2094,130800.0
2095,70600.0
2096,302600.0
2097,96400.0
2098,22500.0
2099,101500.0
2100,68300.0
2101,142300.0
2102,14300.0
2103,107500.0
2104,39600.0
2105,36600.0
2106,148900.0
2107,115300.0
2108,88800.0
2109,32100.0
2110,54500.0
2111,89100.0
2112,26400.0
2113,67100.0
2114,89200.0
2115,33800.0
2116,31400.0
2117,43400.0
2118,17500.0
2119,92700.0
2120,21700.0
2121,49200.0
2122,118000.0
2123,66300.0
2124,57000.0
2125,61000.0
2126,88900.0
2127,346600.0
2128,82800.0
2129,64400.0
2130,121000.0
2131,30400.0
2132,59300.0
2133,106500.0
2134,58400.0
2135,70900.0
2136,31400.0
2137,73400.0
2138,315900.0
2139,48600.0
2140,27300.0
2141,70000.0
2142,233700.0
2143,35600.0
2144,194600.0
2145,58200.0
2146,119100.0
2147,138100.0
2148,63000.0
2149,85500.0
2150,74400.0
2151,148700.0
2152,470300.0
2153,46600.0
2154,608800.0
2155,23800.0
2156,386600.0
2157,74100.0
2158,30700.0
2159,82200.0
2160,20800.0
2161,83500.0
2162,125500.0
2163,47700.0
2164,58700.0
2165,85900.0
2166,89100.0
2167,37900.0
2168,15100.0
2169,31300.0
2170,50600.0
2171,69600.0
2172,91100.0
2173,68700.0
2174,106600.0
2175,38500.0
2176,91700.0
2177,198100.0
2178,43600.0
2179,101800.0
2180,63900.0
2181,36100.0
2182,94100.0
2183,16400.0
2184,30200.0
2185,79400.0
2186,62700.0
2187,72600.0
2188,48500.0
2189,82800.0
2190,34100.0
2191,146200.0
2192,68900.0
2193,127400.0
2194,87800.0
2195,33700.0
2196,26300.0
2197,171300.0
2198,92900.0
2199,38100.0
2200,101100.0
2201,29600.0
2202,66200.0
2203,29400.0
2204,232400.0
2205,147800.0
2206,69300.0
2207,153900.0
2208,78100.0
2209,97900.0
2210,184200.0
2211,73600.0
2212,174500.0
2213,62200.0
2214,49900.0
2215,83600.0
2216,78000.0
2217,50800.0
2218,58500.0
2219,39000.0
2220,247400.0
2221,50800.0
2222,43500.0
2223,94600.0
2224,59200.0
2225,256000.0
2226,170900.0
2227,640200.0
2228,82600.0
2229,42100.0
2230,57500.0
2231,371000.0
2232,62800.0
2233,53500.0
2234,216100.0
2235,11800.0
2236,48500.0
2237,18100.0
2238,81500.0
2239,163400.0
2240,49000.0
2241,99800.0
2242,88900.0
2243,344900.0
2244,17400.0
2245,88600.0
2246,93400.0
2247,85100.0
2248,48900.0
2249,116500.0
2250,92200.0
2251,24200.0
2252,31600.0
2253,296200.0
2254,78500.0
2255,40900.0
2256,97700.0
2257,79900.0
2258,82500.0
2259,55100.0
2260,176000.0
2261,142900.0
2262,68100.0
2263,275700.0
2264,58200.0
2265,131800.0
2266,80600.0
2267,79700.0
2268,34400.0
2269,73800.0
2270,123300.0
2271,77600.0
2272,214400.0
2273,40600.0
2274,47800.0
2275,7600.0
2276,261100.0
2277,99100.0
2278,17200.0
2279,59100.0
2280,81200.0
2281,46800.0
2282,52900.0
2283,149600.0
2284,130700.0
2285,50400.0
2286,51800.0
2287,62300.0
2288,117100.0
2289,207700.0
2290,36800.0
2291,101000.0
2292,64200.0
2293,35400.0
2294,160600.0
2295,157500.0
2296,79800.0
2297,74700.0
2298,1105500.0
2299,125700.0
2300,97600.0
2301,34900.0
2302,154400.0
2303,16500.0
2304,110400.0
2305,79400.0
2306,9300.0
2307,35100.0
2308,178400.0
2309,14200.0
2310,342200.0
2311,169200.0
2312,127300.0
2313,839500.0
2314,69900.0
2315,84900.0
2316,81400.0
2317,61400.0
2318,66100.0
2319,109100.0
2320,71300.0
2321,167100.0
2322,93200.0
2323,86000.0
2324,381800.0
2325,63800.0
2326,49400.0
2327,74500.0
2328,110600.0
2329,143600.0
2330,57800.0
2331,126400.0
2332,124400.0
2333,49200.0
2334,132700.0
2335,45900.0
2336,276800.0
2337,103000.0
2338,127900.0
2339,45500.0
2340,51200.0
2341,248800.0
2342,26700.0
2343,49700.0
2344,59300.0
2345,183100.0
2346,48400.0
2347,112000.0
2348,97200.0
2349,42500.0
2350,54300.0
2351,37200.0
2352,319300.0
2353,144400.0
2354,72100.0
2355,44800.0
2356,33800.0
2357,41800.0
2358,18600.0
2359,74500.0
2360,82200.0
2361,19300.0
2362,130400.0
2363,62400.0
2364,27600.0
2365,71700.0
2366,35500.0
2367,70000.0
2368,114400.0
2369,133300.0
2370,151500.0
2371,86500.0
2372,73200.0
2373,21000.0
2374,34000.0
2375,93600.0
2376,83800.0
2377,87800.0
2378,87100.0
2379,47900.0
2380,208100.0
2381,40800.0
2382,16400.0
2383,120800.0
2384,68300.0
2385,9100.0
2386,68100.0
2387,33700.0
2388,71300.0
2389,161500.0
2390,94600.0
2391,113000.0
2392,42900.0
2393,88900.0
2394,8700.0
2395,97200.0
2396,22000.0
2397,106800.0
2398,13800.0
2399,237200.0
2400,57600.0
2401,48500.0
2402,72900.0
2403,90700.0
2404,67400.0
2405,48900.0
2406,39600.0
2407,16900.0
2408,69400.0
2409,87700.0
2410,94700.0
2411,39300.0
2412,33600.0
2413,100600.0
2414,6900.0
2415,50800.0
2416,61100.0
2417,267100.0
2418,67300.0
2419,64100.0
2420,113100.0
2421,100300.0
2422,67000.0
2423,139500.0
2424,367100.0
2425,143700.0
2426,150700.0
2427,36800.0
2428,40200.0
2429,40800.0
2430,144100.0
2431,95500.0
2432,231200.0
2433,785100.0
2434,24500.0
2435,76400.0
2436,26700.0
2437,34900.0
2438,65700.0
2439,154200.0
2440,152200.0
2441,74400.0
2442,21200.0
2443,68400.0
2444,219900.0
2445,116600.0
2446,47800.0
2447,198700.0
2448,97600.0
2449,145700.0
2450,121400.0
2451,113400.0
2452,438900.0
2453,28600.0
2454,36800.0
2455,107100.0
2456,78100.0
2457,216800.0
2458,235500.0
2459,170000.0
2460,93900.0
2461,47900.0
2462,194500.0
2463,45200.0
2464,66500.0
2465,110000.0
2466,35400.0
2467,257600.0
2468,96100.0
2469,191400.0
2470,74500.0
2471,103100.0
2472,73900.0
2473,29500.0
2474,26600.0
2475,66000.0
2476,720700.0
2477,111200.0
2478,167800.0
2479,23800.0
2480,28300.0
2481,89600.0
2482,15600.0
2483,44200.0
2484,78800.0
2485,62600.0
2486,80800.0
2487,68200.0
2488,609800.0
2489,149900.0
2490,29600.0
2491,32400.0
2492,21200.0
2493,52600.0
2494,29600.0
2495,83900.0
2496,98400.0
2497,131300.0
2498,97200.0
2499,81600.0
2500,153800.0
2501,101000.0
2502,101700.0
2503,36700.0
2504,62100.0
2505,95200.0
2506,47700.0
2507,44900.0
2508,69000.0
2509,151400.0
2510,252600.0
2511,74200.0
2512,51800.0
2513,263400.0
2514,75700.0
2515,169800.0
2516,15100.0
2517,5800.0
2518,95700.0
2519,55500.0
2520,68900.0
2521,45800.0
2522,10100.0
2523,27300.0
2524,105300.0
2525,67300.0
2526,105400.0
2527,44200.0
2528,75600.0
2529,85700.0
2530,106100.0
2531,248700.0
2532,79600.0
2533,95700.0
2534,13600.0
2535,141600.0
2536,55200.0
2537,906000.0
2538,141500.0
2539,42800.0
2540,120600.0
2541,161000.0
2542,38100.0
2543,75800.0
2544,159100.0
2545,70400.0
2546,25800.0
2547,37600.0
2548,40100.0
2549,27600.0
2550,11400.0
2551,41500.0
2552,53500.0
2553,77400.0
2554,50500.0
2555,47700.0
2556,70600.0
2557,199400.0
2558,126000.0
2559,71900.0
2560,41200.0
2561,275900.0
2562,35500.0
2563,36300.0
2564,137200.0
2565,59300.0
2566,55300.0
2567,25000.0
2568,26800.0
2569,122000.0
2570,99800.0
2571,88700.0
2572,49400.0
2573,75600.0
2574,53700.0
2575,145200.0
2576,196100.0
2577,140200.0
2578,59500.0
2579,266300.0
2580,107000.0
2581,424100.0
2582,53300.0
2583,103800.0
2584,37000.0
2585,17400.0
2586,47400.0
2587,76900.0
2588,1009100.0
2589,17600.0
2590,124800.0
2591,253600.0
2592,80100.0
2593,68800.0
2594,59400.0
2595,44900.0
2596,93500.0
2597,197400.0
2598,159200.0
2599,65000.0
2600,132800.0
2601,217300.0
2602,16300.0
2603,1050300.0
2604,41000.0
2605,72600.0
2606,48000.0
2607,89300.0
2608,43600.0
2609,70600.0
2610,95500.0
2611,133200.0
2612,49200.0
2613,48000.0
2614,77300.0
2615,96000.0
2616,115400.0
2617,139800.0
2618,176200.0
2619,71600.0
2620,37400.0
2621,97400.0
2622,49900.0
2623,16000.0
2624,53900.0
2625,63400.0
2626,790200.0
2627,113800.0
2628,39100.0
2629,133700.0
2630,151800.0
2631,91800.0
2632,17100.0
2633,72500.0
2634,108900.0
2635,125200.0
2636,30800.0
2637,105200.0
2638,84500.0
2639,75700.0
2640,17900.0
2641,40600.0
2642,59600.0
2643,8300.0
2644,44200.0
2645,54500.0
2646,23300.0
2647,93300.0
2648,42500.0
2649,82700.0
2650,76100.0
2651,63300.0
2652,65500.0
2653,91800.0
2654,100000.0
2655,44000.0
2656,93600.0
2657,49400.0
2658,112500.0
2659,115400.0
2660,139700.0
2661,57400.0
2662,59700.0
2663,55700.0
2664,181400.0
2665,125500.0
2666,117500.0
2667,25800.0
2668,44500.0
2669,33300.0
2670,87700.0
2671,198700.0
2672,38400.0
2673,98800.0
2674,20100.0
2675,68600.0
2676,95700.0
2677,89000.0
2678,257500.0
2679,125700.0
2680,70900.0
2681,36800.0
2682,29300.0
2683,77000.0
2684,33700.0
2685,60400.0
2686,55200.0
2687,75100.0
2688,147500.0
2689,17400.0
2690,90900.0
2691,110700.0
2692,83800.0
2693,7600.0
2694,97900.0
2695,81400.0
2696,49700.0
2697,103600.0
2698,57500.0
2699,97000.0
2700,112600.0
2701,45000.0
2702,83600.0
2703,76600.0
2704,249500.0
2705,97900.0
2706,32200.0
2707,44100.0
2708,30800.0
2709,15900.0
2710,14800.0
2711,97900.0
2712,61100.0
2713,32900.0
2714,189700.0
2715,91800.0
2716,66400.0
2717,29000.0
2718,93400.0
2719,53700.0
2720,42100.0
2721,60000.0
2722,980200.0
2723,40100.0
2724,65800.0
2725,32200.0
2726,108100.0
2727,53500.0
2728,85600.0
2729,53200.0
2730,83600.0
2731,45600.0
2732,340200.0
2733,104100.0
2734,72800.0
2735,97500.0
2736,28600.0
2737,42000.0
2738,73600.0
2739,96800.0
2740,172500.0
2741,98800.0
2742,95100.0
2743,71400.0
2744,76400.0
2745,110000.0
2746,100700.0
2747,54900.0
2748,72700.0
2749,10700.0
2750,67100.0
2751,56800.0
2752,10600.0
2753,33100.0
2754,119300.0
2755,229300.0
2756,91200.0
2757,104700.0
2758,274200.0
2759,121700.0
2760,114600.0
2761,49100.0
2762,212100.0
2763,8400.0
2764,97500.0
2765,409200.0
2766,79000.0
2767,299200.0
2768,151600.0
2769,110400.0
2770,55000.0
2771,89000.0
2772,68400.0
2773,162400.0
2774,19100.0
2775,65800.0
2776,46400.0
2777,67500.0
2778,103700.0
2779,51800.0
2780,79100.0
2781,47000.0
2782,64000.0
2783,117300.0
2784,44300.0
2785,177200.0
2786,317400.0
2787,225800.0
2788,90800.0
2789,89900.0
2790,87200.0
2791,46000.0
2792,141700.0
2793,1739100.0
2794,104800.0
2795,158800.0
2796,139100.0
2797,139600.0
2798,115600.0
2799,86800.0
2800,54100.0
2801,17400.0
2802,65400.0
2803,331100.0
2804,33100.0
2805,50200.0
2806,547600.0
2807,82800.0
2808,364300.0
2809,38500.0
2810,200200.0
2811,82000.0
2812,84500.0
2813,140700.0
2814,169900.0
2815,45700.0
2816,114500.0
2817,146200.0
2818,715800.0
2819,123900.0
2820,36200.0
2821,165000.0
2822,110500.0
2823,4600.0
2824,103900.0
2825,95200.0
2826,66600.0
2827,101900.0
2828,73400.0
2829,17300.0
2830,27500.0
2831,38300.0
2832,63400.0
2833,62500.0
2834,12200.0
2835,38100.0
2836,90400.0
2837,38000.0
2838,499100.0
2839,75100.0
2840,86800.0
2841,35100.0
2842,13700.0
2843,180800.0
2844,67500.0
2845,48300.0
2846,40600.0
2847,8800.0
2848,55900.0
2849,33200.0
2850,113200.0
2851,133300.0
2852,89000.0
2853,70100.0
2854,133700.0
2855,39700.0
2856,12600.0
2857,62700.0
2858,7000.0
2859,43500.0
2860,8500.0
2861,73200.0
2862,89800.0
2863,15300.0
2864,140500.0
2865,291900.0
2866,76100.0
2867,195400.0
2868,56800.0
2869,44200.0
2870,48200.0
2871,230400.0
2872,79300.0
2873,144500.0
2874,52600.0
2875,32800.0
2876,60900.0
2877,226200.0
2878,80400.0
2879,125600.0
2880,134800.0
2881,16900.0
2882,168800.0
2883,342900.0
2884,80400.0
2885,105400.0
2886,56000.0
2887,78100.0
2888,85900.0
2889,10600.0
2890,41500.0
2891,57000.0
2892,58100.0
2893,62700.0
2894,86700.0
2895,47800.0
2896,71000.0
2897,74600.0
2898,205800.0
2899,64000.0
2900,77200.0
2901,188200.0
2902,75500.0
2903,134600.0
2904,280200.0
2905,178500.0
2906,264900.0
2907,85800.0
2908,119600.0
2909,38700.0
2910,66200.0
2911,87000.0
2912,62200.0
2913,63700.0
2914,160200.0
2915,99700.0
2916,95400.0
2917,345000.0
2918,166100.0
2919,33300.0
2920,150600.0
2921,103200.0
2922,22800.0
2923,30400.0
2924,10900.0
2925,46600.0
2926,85700.0
2927,178200.0
2928,18000.0
2929,88900.0
2930,32900.0
2931,53100.0
2932,107300.0
2933,126000.0
2934,95600.0
2935,120000.0
2936,85000.0
2937,81200.0
2938,99300.0
2939,94900.0
2940,35600.0
2941,608100.0
2942,90000.0
2943,138100.0
2944,97700.0
2945,130500.0
2946,85300.0
2947,53200.0
2948,157200.0
2949,22400.0
2950,86300.0
2951,55900.0
2952,66400.0
2953,16100.0
2954,76500.0
2955,419000.0
2956,34100.0
2957,200200.0
2958,82200.0
2959,67700.0
2960,86600.0
2961,170700.0
2962,20500.0
2963,44400.0
2964,39600.0
2965,41100.0
2966,63500.0
2967,14100.0
2968,51100.0
2969,110900.0
2970,121200.0
2971,64000.0
2972,30200.0
2973,44000.0
2974,163400.0
2975,33100.0
2976,1009700.0
2977,73500.0
2978,97000.0
2979,32600.0
2980,11700.0
2981,61100.0
2982,23900.0
2983,91000.0
2984,59200.0
2985,63600.0
2986,83700.0
2987,57500.0
2988,83800.0
2989,123200.0
2990,165700.0
2991,25000.0
2992,242800.0
2993,68100.0
2994,97000.0
2995,87000.0
2996,78600.0
2997,50900.0
2998,51600.0
2999,14200.0
3000,13500.0
3001,325900.0
3002,31800.0
3003,101500.0
3004,168500.0
3005,126800.0
3006,84800.0
3007,78900.0
3008,16900.0
3009,94400.0
3010,57400.0
3011,54200.0
3012,72300.0
3013,124900.0
3014,382700.0
3015,76000.0
3016,30200.0
3017,82100.0
3018,104800.0
3019,65900.0
3020,57100.0
3021,76600.0
3022,30000.0
3023,156000.0
3024,69000.0
3025,61100.0
3026,45400.0
3027,44200.0
3028,44300.0
3029,116900.0
3030,65000.0
3031,2395800.0
3032,3800.0
3033,53100.0
3034,98200.0
3035,82200.0
3036,92500.0
3037,96100.0
3038,199700.0
3039,16300.0
3040,157600.0
3041,128600.0
3042,47800.0
3043,71200.0
3044,108200.0
3045,68500.0
3046,347300.0
3047,82200.0
3048,35500.0
3049,64700.0
3050,23900.0
3051,114900.0
3052,17800.0
3053,116100.0
3054,64300.0
3055,56700.0
3056,151500.0
3057,73600.0
3058,111600.0
3059,97200.0
3060,20900.0
3061,35800.0
3062,58800.0
3063,70400.0
3064,20000.0
3065,380600.0
3066,44100.0
3067,124200.0
3068,102200.0
3069,63800.0
3070,64300.0
3071,78300.0
3072,28600.0
3073,199200.0
3074,60400.0
3075,92700.0
3076,209200.0
3077,99700.0
3078,16100.0
3079,229900.0
3080,128300.0
3081,72100.0
3082,132800.0
3083,216500.0
3084,22700.0
3085,23800.0
3086,78000.0
3087,93500.0
3088,37300.0
3089,205700.0
3090,35900.0
3091,627600.0
3092,83700.0
3093,31500.0
3094,130300.0
3095,160400.0
3096,63100.0
3097,10100.0
3098,291100.0
3099,33200.0
3100,39200.0
3101,97800.0
3102,485100.0
3103,34400.0
3104,64400.0
3105,112600.0
3106,41400.0
3107,47800.0
3108,272600.0
3109,113400.0
3110,38900.0
3111,69900.0
3112,44900.0
3113,93900.0
3114,358500.0
3115,197700.0
3116,47800.0
3117,296000.0
3118,36300.0
3119,66800.0
3120,32400.0
3121,108400.0
3122,64100.0
3123,50100.0
3124,62500.0
3125,45600.0
3126,137400.0
3127,70900.0
3128,65400.0
3129,250500.0
3130,195700.0
3131,121200.0
3132,1058100.0
3133,22300.0
3134,398800.0
3135,15400.0
3136,91600.0
3137,240100.0
3138,117000.0
3139,83500.0
3140,18700.0
3141,49000.0
3142,159500.0
3143,55400.0
3144,65700.0
3145,46900.0
3146,57000.0
3147,73600.0
3148,44200.0
3149,83100.0
3150,121000.0
3151,59400.0
3152,27400.0
3153,28500.0
3154,98100.0
3155,75400.0
3156,147600.0
3157,59000.0
3158,41700.0
3159,57400.0
3160,93400.0
3161,69300.0
3162,122200.0
3163,346500.0
3164,104900.0
3165,126400.0
3166,36700.0
3167,137600.0
3168,87400.0
3169,37500.0
3170,47800.0
3171,37600.0
3172,28000.0
3173,109800.0
3174,159300.0
3175,162400.0
3176,66300.0
3177,97500.0
3178,34100.0
3179,54800.0
3180,33600.0
3181,414700.0
3182,59600.0
3183,69500.0
3184,169800.0
3185,70900.0
3186,81800.0
3187,662800.0
3188,452200.0
3189,43500.0
3190,92500.0
3191,7100.0
3192,109800.0
3193,103200.0
3194,30200.0
3195,125100.0
3196,11300.0
3197,42300.0
3198,21400.0
3199,132500.0
3200,110500.0
3201,93400.0
3202,92500.0
3203,55300.0
3204,103600.0
3205,36100.0
3206,30000.0
3207,96300.0
3208,198000.0
3209,47100.0
3210,68900.0
3211,207500.0
3212,49000.0
3213,44400.0
3214,48500.0
3215,92200.0
3216,87000.0
3217,162600.0
3218,135800.0
3219,131900.0
3220,56100.0
3221,34400.0
3222,826600.0
3223,42900.0
3224,60000.0
3225,120100.0
3226,102500.0
3227,44600.0
3228,86300.0
3229,314800.0
3230,188200.0
3231,47000.0
3232,75600.0
3233,11400.0
3234,29900.0
3235,38800.0
3236,213200.0
3237,26500.0
3238,30200.0
3239,46800.0
3240,118300.0
3241,43600.0
3242,34100.0
3243,9700.0
3244,53000.0
3245,154200.0
3246,27900.0
3247,72500.0
3248,188700.0
3249,59400.0
3250,69300.0
3251,44700.0
3252,25500.0
3253,351900.0
3254,175800.0
3255,50000.0
3256,145100.0
3257,76800.0
3258,106300.0
3259,28800.0
3260,70700.0
3261,62800.0
3262,91300.0
3263,69500.0
3264,93300.0
3265,38800.0
3266,88200.0
3267,158400.0
3268,39100.0
3269,57600.0
3270,47700.0
3271,91500.0
3272,74100.0
3273,68500.0
3274,75900.0
3275,238800.0
3276,165500.0
3277,85200.0
3278,18800.0
3279,79200.0
3280,89300.0
3281,44300.0
3282,246700.0
3283,60900.0
3284,131700.0
3285,82300.0
3286,96300.0
3287,97700.0
3288,38200.0
3289,304400.0
3290,11100.0
3291,40000.0
3292,63300.0
3293,655100.0
3294,128600.0
3295,221000.0
3296,69300.0
3297,89200.0
3298,38200.0
3299,72400.0
3300,48600.0
3301,36100.0
3302,189200.0
3303,131800.0
3304,531400.0
3305,770000.0
3306,58700.0
3307,60300.0
3308,90600.0
3309,57100.0
3310,77500.0
3311,89800.0
3312,131900.0
3313,103300.0
3314,71800.0
3315,50200.0
3316,65100.0
3317,79800.0
3318,169600.0
3319,97700.0
3320,134900.0
3321,92000.0
3322,51400.0
3323,136100.0
3324,25000.0
3325,199000.0
3326,40100.0
3327,82000.0
3328,73800.0
3329,165300.0
3330,128000.0
3331,12400.0
3332,72100.0
3333,137100.0
3334,121500.0
3335,47800.0
3336,23000.0
3337,129900.0
3338,61300.0
3339,73700.0
3340,31300.0
3341,26800.0
3342,8800.0
3343,161200.0
3344,93600.0
3345,79600.0
3346,56900.0
3347,98900.0
3348,85600.0
3349,59900.0
3350,148100.0
3351,76600.0
3352,1581200.0
3353,72700.0
3354,78000.0
3355,141100.0
3356,23700.0
3357,154800.0
3358,416000.0
3359,167100.0
3360,72700.0
3361,65500.0
3362,43800.0
3363,98000.0
3364,67000.0
3365,71800.0
3366,145000.0
3367,67600.0
3368,137800.0
3369,102500.0
3370,46500.0
3371,53900.0
3372,144900.0
3373,671400.0
3374,68400.0
3375,56600.0
3376,79900.0
3377,117500.0
3378,42400.0
3379,90500.0
3380,25300.0
3381,81700.0
3382,37000.0
3383,35700.0
3384,43300.0
3385,81800.0
3386,43600.0
3387,83500.0
3388,179500.0
3389,294600.0
3390,16100.0
3391,67000.0
3392,433500.0
3393,55000.0
3394,89000.0
3395,276200.0
3396,89500.0
3397,107200.0
3398,104200.0
3399,453500.0
3400,75300.0
3401,236800.0
3402,41300.0
3403,65400.0
3404,208200.0
3405,24200.0
3406,84200.0
3407,46700.0
3408,100400.0
3409,50500.0
3410,85200.0
3411,42100.0
3412,52000.0
3413,19100.0
3414,67000.0
3415,88900.0
3416,76000.0
3417,33200.0
3418,69400.0
3419,40900.0
3420,25700.0
3421,48800.0
3422,221800.0
3423,167700.0
3424,41400.0
3425,103700.0
3426,13900.0
3427,55900.0
3428,67400.0
3429,61900.0
3430,89500.0
3431,53200.0
3432,65800.0
3433,25200.0
3434,69500.0
3435,51500.0
3436,39400.0
3437,65300.0
3438,216400.0
3439,164100.0
3440,73700.0
3441,113100.0
3442,34300.0
3443,172400.0
3444,101900.0
3445,90700.0
3446,228800.0
3447,55000.0
3448,203600.0
3449,167300.0
3450,51000.0
3451,92900.0
3452,35800.0
3453,86200.0
3454,86200.0
3455,73400.0
3456,115600.0
3457,25600.0
3458,86200.0
3459,32000.0
3460,52900.0
3461,62400.0
3462,54700.0
3463,40400.0
3464,116400.0
3465,118700.0
3466,116700.0
3467,35100.0
3468,182800.0
3469,128300.0
3470,74000.0
3471,38600.0
3472,45100.0
3473,68900.0
3474,61600.0
3475,21600.0
3476,55500.0
3477,441400.0
3478,8500.0
3479,60900.0
3480,70600.0
3481,219300.0
3482,66300.0
3483,511500.0
3484,24800.0
3485,45500.0
3486,130200.0
3487,36000.0
3488,64400.0
3489,29600.0
3490,126200.0
3491,49800.0
3492,102300.0
3493,74100.0
3494,24100.0
3495,35700.0
3496,45600.0
3497,126900.0
3498,62600.0
3499,132000.0
3500,62500.0
3501,55600.0
3502,38300.0
3503,32700.0
3504,22800.0
3505,155900.0
3506,40000.0
3507,122400.0
3508,82600.0
3509,73800.0
3510,19400.0
3511,80600.0
3512,24600.0
3513,203500.0
3514,82500.0
3515,201800.0
3516,59500.0
3517,66900.0
3518,127400.0
3519,108100.0
3520,105100.0
3521,86000.0
3522,112400.0
3523,11900.0
3524,157200.0
3525,124600.0
3526,146500.0
3527,96800.0
3528,58500.0
3529,35100.0
3530,86800.0
3531,117200.0
3532,84400.0
3533,51400.0
3534,34400.0
3535,46200.0
3536,48400.0
3537,119900.0
3538,145400.0
3539,28000.0
3540,38000.0
3541,76800.0
3542,130100.0
3543,19600.0
3544,153500.0
3545,111200.0
3546,34600.0
3547,51300.0
3548,40800.0
3549,47400.0
3550,91100.0
3551,187300.0
3552,42600.0
3553,122400.0
3554,197900.0
3555,189200.0
3556,70100.0
3557,56700.0
3558,116000.0
3559,150400.0
3560,79600.0
3561,58500.0
3562,66600.0
3563,1193400.0
3564,74600.0
3565,30500.0
3566,89700.0
3567,75700.0
3568,34800.0
3569,85100.0
3570,63300.0
3571,56900.0
3572,128300.0
3573,60700.0
3574,55300.0
3575,458600.0
3576,395100.0
3577,111600.0
3578,83600.0
3579,165600.0
3580,72900.0
3581,51000.0
3582,279300.0
3583,44400.0
3584,64600.0
3585,101000.0
3586,94400.0
3587,70400.0
3588,193800.0
3589,109200.0
3590,47600.0
3591,91500.0
3592,78200.0
3593,79800.0
3594,62200.0
3595,43600.0
3596,143900.0
3597,60500.0
3598,122900.0
3599,58900.0
3600,20000.0
3601,99400.0
3602,54600.0
3603,219100.0
3604,33800.0
3605,44000.0
3606,25500.0
3607,15000.0
3608,30200.0
3609,7500.0
3610,122400.0
3611,131400.0
3612,53500.0
3613,46500.0
3614,103900.0
3615,206100.0
3616,130500.0
3617,75000.0
3618,115300.0
3619,33000.0
3620,175600.0
3621,212500.0
3622,114900.0
3623,510000.0
3624,74600.0
3625,110400.0
3626,68800.0
3627,43300.0
3628,178400.0
3629,48800.0
3630,161700.0
3631,106500.0
3632,40000.0
3633,32500.0
3634,103600.0
3635,40500.0
3636,89100.0
3637,195700.0
3638,17000.0
3639,87500.0
3640,169400.0
3641,74200.0
3642,583400.0
3643,83600.0
3644,39700.0
3645,213600.0
3646,4800.0
3647,46200.0
3648,20000.0
3649,96700.0
3650,181100.0
3651,111200.0
3652,82600.0
3653,14500.0
3654,122200.0
3655,202400.0
3656,172300.0
3657,6200.0
3658,42400.0
3659,86400.0
3660,139200.0
3661,483800.0
3662,74000.0
3663,120400.0
3664,91600.0
3665,66000.0
3666,113700.0
3667,119400.0
3668,127100.0
3669,675000.0
3670,279600.0
3671,52200.0
3672,89900.0
3673,70600.0
3674,62200.0
3675,40400.0
3676,135200.0
3677,562700.0
3678,52500.0
3679,117200.0
3680,503400.0
3681,74900.0
3682,53400.0
3683,175900.0
3684,45000.0
3685,86700.0
3686,28600.0
3687,74000.0
3688,87100.0
3689,107000.0
3690,28200.0
3691,67600.0
3692,70000.0
3693,163100.0
3694,468400.0
3695,64900.0
3696,17600.0
3697,350600.0
3698,37400.0
3699,218700.0
3700,21700.0
3701,101100.0
3702,84500.0
3703,137600.0
3704,75200.0
3705,139200.0
3706,93600.0
3707,13000.0
3708,100600.0
3709,70100.0
3710,80000.0
3711,99300.0
3712,29300.0
3713,22000.0
3714,42600.0
3715,28800.0
3716,166300.0
3717,61700.0
3718,76800.0
3719,119500.0
3720,80600.0
3721,38200.0
3722,47900.0
3723,87000.0
3724,30400.0
3725,24600.0
3726,63200.0
3727,88000.0
3728,123400.0
3729,21100.0
3730,64400.0
3731,22600.0
3732,66800.0
3733,72400.0
3734,197900.0
3735,171600.0
3736,46500.0
3737,1402700.0
3738,27400.0
3739,267900.0
3740,73400.0
3741,146300.0
3742,56900.0
3743,30600.0
3744,44800.0
3745,46400.0
3746,150900.0
3747,53800.0
3748,70900.0
3749,122600.0
3750,52200.0
3751,70500.0
3752,9000.0
3753,62100.0
3754,91900.0
3755,45000.0
3756,73000.0
3757,97900.0
3758,68200.0
3759,192100.0
3760,113900.0
3761,9100.0
3762,71000.0
3763,46600.0
3764,36500.0
3765,53500.0
3766,299100.0
3767,409600.0
3768,18100.0
3769,4700.0
3770,58100.0
3771,88500.0
3772,71400.0
3773,46300.0
3774,66200.0
3775,86100.0
3776,255300.0
3777,138800.0
3778,39200.0
3779,73100.0
3780,70400.0
3781,42400.0
3782,47000.0
3783,52600.0
3784,137500.0
3785,16900.0
3786,63900.0
3787,36900.0
3788,147800.0
3789,504500.0
3790,43600.0
3791,4900.0
3792,93900.0
3793,55400.0
3794,137700.0
3795,624500.0
3796,136600.0
3797,61300.0
3798,91100.0
3799,129200.0
3800,159200.0
3801,248800.0
3802,80300.0
3803,74500.0
3804,303200.0
3805,102300.0
3806,119400.0
3807,42200.0
3808,111900.0
3809,106300.0
3810,193500.0
3811,87200.0
3812,56900.0
3813,75300.0
3814,33700.0
3815,70700.0
3816,43100.0
3817,39800.0
3818,62700.0
3819,22900.0
3820,44800.0
3821,212200.0
3822,74700.0
3823,173100.0
3824,160900.0
3825,109900.0
3826,98600.0
3827,87300.0
3828,64500.0
3829,3700.0
3830,70300.0
3831,26800.0
3832,54300.0
3833,20000.0
3834,80500.0
3835,78300.0
3836,35600.0
3837,76100.0
3838,87200.0
3839,85200.0
3840,146400.0
3841,39900.0
3842,114300.0
3843,309900.0
3844,104400.0
3845,38700.0
3846,146100.0
3847,112000.0
3848,36800.0
3849,60200.0
3850,62700.0
3851,176100.0
3852,55300.0
3853,104000.0
3854,60100.0
3855,137700.0
3856,24500.0
3857,90900.0
3858,91400.0
3859,64400.0
3860,66600.0
3861,98400.0
3862,117500.0
3863,104300.0
3864,87900.0
3865,91900.0
3866,105200.0
3867,18100.0
3868,67500.0
3869,58100.0
3870,79400.0
3871,403200.0
3872,80200.0
3873,94000.0
3874,20700.0
3875,142900.0
3876,78600.0
3877,93700.0
3878,132100.0
3879,86700.0
3880,616900.0
3881,304400.0
3882,106900.0
3883,144100.0
3884,51300.0
3885,58300.0
3886,140400.0
3887,100100.0
3888,52600.0
3889,93900.0
3890,40300.0
3891,176700.0
3892,36200.0
3893,311300.0
3894,37200.0
3895,81600.0
3896,162300.0
3897,46400.0
3898,135100.0
3899,86400.0
3900,185500.0
3901,162400.0
3902,186600.0
3903,150000.0
3904,57400.0
3905,24400.0
3906,12000.0
3907,54400.0
3908,83600.0
3909,230300.0
3910,73700.0
3911,12400.0
3912,80000.0
3913,108200.0
3914,58300.0
3915,327300.0
3916,70600.0
3917,106500.0
3918,83700.0
3919,86100.0
3920,19900.0
3921,456800.0
3922,51400.0
3923,29200.0
3924,81700.0
3925,12200.0
3926,132000.0
3927,110700.0
3928,37900.0
3929,69200.0
3930,195800.0
3931,74700.0
3932,255200.0
3933,41800.0
3934,70000.0
3935,73500.0
3936,188600.0
3937,5500.0
3938,19600.0
3939,90300.0
3940,62800.0
3941,53800.0
3942,66700.0
3943,82700.0
3944,36400.0
3945,69200.0
3946,17600.0
3947,44900.0
3948,13200.0
3949,105800.0
3950,51400.0
3951,37800.0
3952,65100.0
3953,13400.0
3954,42100.0
3955,261100.0
3956,62200.0
3957,123100.0
3958,155700.0
3959,49900.0
3960,178800.0
3961,51800.0
3962,62800.0
3963,82800.0
3964,74300.0
3965,24500.0
3966,23800.0
3967,109600.0
3968,191500.0
3969,20700.0
3970,46500.0
3971,102500.0
3972,41700.0
3973,935900.0
3974,354200.0
3975,35900.0
3976,227500.0
3977,72000.0
3978,105600.0
3979,98400.0
3980,430300.0
3981,14400.0
3982,50100.0
3983,96500.0
3984,65400.0
3985,73900.0
3986,42000.0
3987,189500.0
3988,100700.0
3989,31900.0
3990,90400.0
3991,74900.0
3992,103600.0
3993,53700.0
3994,129200.0
3995,122000.0
3996,69400.0
3997,118500.0
3998,113500.0
3999,116100.0
4000,56300.0
4001,45400.0
4002,42500.0
4003,38000.0
4004,57200.0
4005,65700.0
4006,515400.0
4007,18400.0
4008,82900.0
4009,146500.0
4010,242600.0
4011,42200.0
4012,111900.0
4013,19800.0
4014,32400.0
4015,481200.0
4016,128900.0
4017,91800.0
4018,70700.0
4019,89800.0
4020,30200.0
4021,67100.0
4022,50900.0
4023,58500.0
4024,81100.0
4025,65300.0
4026,16300.0
4027,41300.0
4028,18400.0
4029,80200.0
4030,42500.0
4031,72100.0
4032,72300.0
4033,139000.0
4034,19900.0
4035,18000.0
4036,65800.0
4037,51300.0
4038,26400.0
4039,60600.0
4040,19000.0
4041,51900.0
4042,41800.0
4043,25800.0
4044,50100.0
4045,160000.0
4046,126300.0
4047,65000.0
4048,89700.0
4049,402300.0
4050,76200.0
4051,44900.0
4052,246000.0
4053,32400.0
4054,56200.0
4055,73900.0
4056,136500.0
4057,73700.0
4058,39200.0
4059,39900.0
4060,42300.0
4061,92200.0
4062,150400.0
4063,197300.0
4064,63400.0
4065,154200.0
4066,112400.0
4067,38600.0
4068,51200.0
4069,90600.0
4070,173100.0
4071,84700.0
4072,228800.0
4073,108400.0
4074,52500.0
4075,64700.0
4076,31600.0
4077,43600.0
4078,95500.0
4079,112500.0
4080,38200.0
4081,232700.0
4082,35500.0
4083,58100.0
4084,42900.0
4085,311900.0
4086,15300.0
4087,133600.0
4088,77300.0
4089,75700.0
4090,67600.0
4091,230100.0
4092,231700.0
4093,74700.0
4094,84100.0
4095,83900.0
4096,122200.0
4097,84800.0
4098,45200.0
4099,86400.0
4100,676100.0
4101,72700.0
4102,24500.0
4103,73000.0
4104,53700.0
4105,12500.0
4106,185100.0
4107,39900.0
4108,27100.0
4109,73500.0
4110,60800.0
4111,18200.0
4112,125100.0
4113,78800.0
4114,32500.0
4115,120500.0
4116,54000.0
4117,80300.0
4118,43400.0
4119,190900.0
4120,50700.0
4121,172700.0
4122,61400.0
4123,73000.0
4124,113900.0
4125,77700.0
4126,108100.0
4127,100900.0
4128,37200.0
4129,50800.0
4130,108100.0
4131,112200.0
4132,110200.0
4133,66800.0
4134,129700.0
4135,85100.0
4136,65900.0
4137,72100.0
4138,24300.0
4139,65800.0
4140,116900.0
4141,83800.0
4142,99200.0
4143,30900.0
4144,18800.0
4145,34700.0
4146,229500.0
4147,6100.0
4148,121200.0
4149,34600.0
4150,111600.0
4151,137900.0
4152,245800.0
4153,109500.0
4154,55400.0
4155,19700.0
4156,54600.0
4157,100200.0
4158,187500.0
4159,304000.0
4160,58600.0
4161,83400.0
4162,283900.0
4163,110900.0
4164,96000.0
4165,134000.0
4166,95700.0
4167,44300.0
4168,32900.0
4169,318000.0
4170,24400.0
4171,368500.0
4172,72500.0
4173,73200.0
4174,83000.0
4175,93200.0
4176,97000.0
4177,39400.0
4178,147500.0
4179,111900.0
4180,334900.0
4181,73700.0
4182,123800.0
4183,64100.0
4184,24400.0
4185,28400.0
4186,50600.0
4187,113800.0
4188,175400.0
4189,43100.0
4190,16300.0
4191,41800.0
4192,88900.0
4193,132000.0
4194,110900.0
4195,77300.0
4196,117100.0
4197,106300.0
4198,182900.0
4199,167800.0
4200,99200.0
4201,103700.0
4202,82500.0
4203,75600.0
4204,40800.0
4205,52200.0
4206,67500.0
4207,183300.0
4208,100700.0
4209,89100.0
4210,168500.0
4211,90800.0
4212,46100.0
4213,54100.0
4214,212000.0
4215,7200.0
4216,92100.0
4217,66300.0
4218,48500.0
4219,134800.0
4220,32300.0
4221,268500.0
4222,51300.0
4223,50700.0
4224,8900.0
4225,53600.0
4226,35200.0
4227,43800.0
4228,94200.0
4229,171500.0
4230,19900.0
4231,307500.0
4232,189600.0
4233,20700.0
4234,60100.0
4235,44700.0
4236,11200.0
4237,50000.0
4238,58700.0
4239,206800.0
4240,148600.0
4241,54700.0
4242,59200.0
4243,96300.0
4244,94600.0
4245,46500.0
4246,77600.0
4247,62300.0
4248,58100.0
4249,12400.0
4250,83100.0
4251,47900.0
4252,473700.0
4253,39200.0
4254,118500.0
4255,74400.0
4256,129400.0
4257,53500.0
4258,10200.0
4259,55000.0
4260,63900.0
4261,20000.0
4262,42500.0
4263,82500.0
4264,1148600.0
4265,100900.0
4266,58000.0
4267,94100.0
4268,202300.0
4269,45100.0
4270,391900.0
4271,65500.0
4272,153800.0
4273,95700.0
4274,77300.0
4275,138200.0
4276,103900.0
4277,74400.0
4278,31800.0
4279,41300.0
4280,53400.0
4281,177900.0
4282,94000.0
4283,84100.0
4284,79100.0
4285,38000.0
4286,32900.0
4287,109800.0
4288,154200.0
4289,136200.0
4290,34900.0
4291,499300.0
4292,66300.0
4293,60200.0
4294,59500.0
4295,190600.0
4296,60700.0
4297,114200.0
4298,63300.0
4299,19800.0
4300,37000.0
4301,52000.0
4302,97100.0
4303,148500.0
4304,49900.0
4305,72700.0
4306,94100.0
4307,38800.0
4308,10400.0
4309,111500.0
4310,161800.0
4311,58200.0
4312,32600.0
4313,70400.0
4314,55300.0
4315,77200.0
4316,115800.0
4317,122100.0
4318,22000.0
4319,16800.0
4320,31300.0
4321,119700.0
4322,69500.0
4323,68700.0
4324,23500.0
4325,91600.0
4326,106100.0
4327,145000.0
4328,50300.0
4329,27000.0
4330,229700.0
4331,88900.0
4332,93000.0
4333,300800.0
4334,77400.0
4335,493400.0
4336,67800.0
4337,79600.0
4338,103200.0
4339,150600.0
4340,187000.0
4341,95600.0
4342,139800.0
4343,34800.0
4344,171500.0
4345,16100.0
4346,112800.0
4347,183900.0
4348,60800.0
4349,66000.0
4350,270100.0
4351,71200.0
4352,13900.0
4353,259400.0
4354,39300.0
4355,77200.0
4356,22200.0
4357,12700.0
4358,20600.0
4359,122200.0
4360,270300.0
4361,167400.0
4362,28100.0
4363,56800.0
4364,69300.0
4365,55300.0
4366,73100.0
4367,151400.0
4368,58200.0
4369,78000.0
4370,168500.0
4371,75700.0
4372,108800.0
4373,86200.0
4374,119500.0
4375,86200.0
4376,21800.0
4377,81800.0
4378,93400.0
4379,192500.0
4380,879200.0
4381,99400.0
4382,166200.0
4383,56900.0
4384,82600.0
4385,107600.0
4386,70600.0
4387,90300.0
4388,68400.0
4389,152900.0
4390,60600.0
4391,26100.0
4392,37800.0
4393,143200.0
4394,34100.0
4395,70100.0
4396,134800.0
4397,54900.0
4398,93200.0
4399,15100.0
4400,58700.0
4401,37900.0
4402,90000.0
4403,53400.0
4404,40300.0
4405,66300.0
4406,107100.0
4407,75000.0
4408,45600.0
4409,43300.0
4410,91400.0
4411,52500.0
4412,46800.0
4413,73700.0
4414,93800.0
4415,24200.0
4416,44600.0
4417,126000.0
4418,205800.0
4419,151500.0
4420,143400.0
4421,104900.0
4422,69400.0
4423,56700.0
4424,122500.0
4425,29300.0
4426,79400.0
4427,103100.0
4428,67000.0
4429,116100.0
4430,33700.0
4431,45400.0
4432,560800.0
4433,80000.0
4434,66300.0
4435,188000.0
4436,106500.0
4437,77100.0
4438,176800.0
4439,57400.0
4440,250500.0
4441,414700.0
4442,119900.0
4443,82900.0
4444,1547700.0
4445,35700.0
4446,119400.0
4447,28800.0
4448,80600.0
4449,73800.0
4450,72900.0
4451,102400.0
4452,32400.0
4453,45500.0
4454,79100.0
4455,363400.0
4456,38000.0
4457,182800.0
4458,73400.0
4459,351500.0
4460,69400.0
4461,75800.0
4462,407600.0
4463,60600.0
4464,11500.0
4465,293400.0
4466,28200.0
4467,137000.0
4468,18100.0
4469,57000.0
4470,86900.0
4471,177900.0
4472,83100.0
4473,263300.0
4474,248900.0
4475,267500.0
4476,117400.0
4477,73000.0
4478,8600.0
4479,101700.0
4480,26100.0
4481,87600.0
4482,163200.0
4483,88400.0
4484,99400.0
4485,21600.0
4486,59800.0
4487,55300.0
4488,97200.0
4489,79600.0
4490,62700.0
4491,106100.0
4492,183000.0
4493,78100.0
4494,79900.0
4495,60600.0
4496,84500.0
4497,156800.0
4498,2232300.0
4499,45400.0
4500,53400.0
4501,16800.0
4502,58900.0
4503,108000.0
4504,91900.0
4505,180000.0
4506,47300.0
4507,197300.0
4508,78500.0
4509,106400.0
4510,80900.0
4511,117400.0
4512,354400.0
4513,52200.0
4514,63800.0
4515,84500.0
4516,33100.0
4517,266100.0
4518,101000.0
4519,125800.0
4520,543400.0
4521,29700.0
4522,46800.0
4523,115400.0
4524,87800.0
4525,126800.0
4526,48200.0
4527,427100.0
4528,69000.0
4529,90600.0
4530,39800.0
4531,48600.0
4532,169000.0
4533,31500.0
4534,19600.0
4535,67000.0
4536,89800.0
4537,106000.0
4538,38100.0
4539,44000.0
4540,46900.0
4541,58800.0
4542,20400.0
4543,55400.0
4544,99700.0
4545,65300.0
4546,124100.0
4547,58900.0
4548,204800.0
4549,64700.0
4550,56600.0
4551,151100.0
4552,58100.0
4553,304100.0
4554,71000.0
4555,56100.0
4556,221000.0
4557,73400.0
4558,100400.0
4559,81000.0
4560,26100.0
4561,215300.0
4562,72600.0
4563,79500.0
4564,453500.0
4565,204700.0
4566,94600.0
4567,9500.0
4568,199200.0
4569,92000.0
4570,122600.0
4571,108700.0
4572,22900.0
4573,79300.0
4574,34900.0
4575,353500.0
4576,122000.0
4577,140400.0
4578,109100.0
4579,30300.0
4580,26000.0
4581,15800.0
4582,110800.0
4583,78600.0
4584,136200.0
4585,44800.0
4586,128700.0
4587,111100.0
4588,181900.0
4589,207900.0
4590,41800.0
4591,56800.0
4592,204500.0
4593,210400.0
4594,175500.0
4595,89900.0
4596,45000.0
4597,53300.0
4598,77200.0
4599,110400.0
4600,257100.0
4601,105800.0
4602,44600.0
4603,165000.0
4604,73200.0
4605,22400.0
4606,324900.0
4607,128200.0
4608,124200.0
4609,60000.0
4610,41600.0
4611,51400.0
4612,53800.0
4613,139200.0
4614,174400.0
4615,126600.0
4616,13100.0
4617,197700.0
4618,15600.0
4619,137100.0
4620,24100.0
4621,68700.0
4622,56800.0
4623,75100.0
4624,101900.0
4625,98600.0
4626,140100.0
4627,35000.0
4628,147600.0
4629,65300.0
4630,122800.0
4631,40600.0
4632,73600.0
4633,37500.0
4634,227800.0
4635,60000.0
4636,22700.0
4637,107600.0
4638,110100.0
4639,40900.0
4640,58300.0
4641,684400.0
4642,37100.0
4643,76200.0
4644,43400.0
4645,55900.0
4646,77200.0
4647,34500.0
4648,47400.0
4649,221400.0
4650,118500.0
4651,20600.0
4652,248100.0
4653,94800.0
4654,49900.0
4655,14300.0
4656,121700.0
4657,96100.0
4658,153800.0
4659,82900.0
4660,81500.0
4661,29900.0
4662,35600.0
4663,41900.0
4664,38100.0
4665,59200.0
4666,38100.0
4667,330400.0
4668,88900.0
4669,58500.0
4670,91100.0
4671,3800.0
4672,261900.0
4673,74900.0
4674,32600.0
4675,117200.0
4676,78200.0
4677,207300.0
4678,118300.0
4679,479000.0
4680,36800.0
4681,47400.0
4682,29600.0
4683,17200.0
4684,57700.0
4685,219500.0
4686,43500.0
4687,51200.0
4688,78000.0
4689,42200.0
4690,42200.0
4691,61800.0
4692,294500.0
4693,8100.0
4694,47400.0
4695,41300.0
4696,12600.0
4697,67600.0
4698,72400.0
4699,47300.0
4700,86400.0
4701,22400.0
4702,42800.0
4703,39100.0
4704,45700.0
4705,33600.0
4706,136600.0
4707,42000.0
4708,34600.0
4709,36600.0
4710,105700.0
4711,10400.0
4712,80600.0
4713,53000.0
4714,176600.0
4715,70800.0
4716,112200.0
4717,202800.0
4718,99000.0
4719,43400.0
4720,18400.0
4721,105100.0
4722,48300.0
4723,31800.0
4724,26200.0
4725,255600.0
4726,41100.0
4727,152000.0
4728,74500.0
4729,105800.0
4730,66300.0
4731,74200.0
4732,66200.0
4733,60200.0
4734,121300.0
4735,54500.0
4736,82300.0
4737,82700.0
4738,55900.0
4739,37000.0
4740,48500.0
4741,75000.0
4742,29600.0
4743,97600.0
4744,26600.0
4745,96400.0
4746,50500.0
4747,47100.0
4748,64100.0
4749,26600.0
4750,85500.0
4751,47100.0
4752,50400.0
4753,12900.0
4754,231700.0
4755,61600.0
4756,38800.0
4757,85500.0
4758,155400.0
4759,36700.0
4760,121500.0
4761,128700.0
4762,72800.0
4763,70100.0
4764,87700.0
4765,415200.0
4766,24800.0
4767,117700.0
4768,75200.0
4769,51700.0
4770,75700.0
4771,74000.0
4772,107500.0
4773,87900.0
4774,141400.0
4775,16600.0
4776,76400.0
4777,44700.0
4778,146700.0
4779,84200.0
4780,23900.0
4781,124700.0
4782,27300.0
4783,16900.0
4784,165800.0
4785,226700.0
4786,172600.0
4787,113300.0
4788,68400.0
4789,18000.0
4790,20700.0
4791,27400.0
4792,101000.0
4793,403000.0
4794,198900.0
4795,53500.0
4796,95000.0
4797,129900.0
4798,87900.0
4799,186100.0
4800,91800.0
4801,39600.0
4802,102800.0
4803,141500.0
4804,193200.0
4805,101100.0
4806,20100.0
4807,132400.0
4808,141200.0
4809,77000.0
4810,67700.0
4811,20400.0
4812,17400.0
4813,21100.0
4814,404400.0
4815,24700.0
4816,182800.0
4817,36700.0
4818,99400.0
4819,45500.0
4820,235300.0
4821,950700.0
4822,94200.0
4823,40900.0
4824,31200.0
4825,65600.0
4826,57500.0
4827,41900.0
4828,73000.0
4829,44800.0
4830,39100.0
4831,40700.0
4832,56000.0
4833,83200.0
4834,136500.0
4835,30100.0
4836,988000.0
4837,137500.0
4838,95700.0
4839,199000.0
4840,131100.0
4841,66600.0
4842,58600.0
4843,24100.0
4844,23300.0
4845,153900.0
4846,109700.0
4847,54100.0
4848,95300.0
4849,70500.0
4850,95500.0
4851,40100.0
4852,159200.0
4853,108200.0
4854,26900.0
4855,85200.0
4856,74000.0
4857,285800.0
4858,52300.0
4859,238500.0
4860,157600.0
4861,17400.0
4862,51000.0
4863,75500.0
4864,325100.0
4865,38900.0
4866,98400.0
4867,14100.0
4868,59800.0
4869,98500.0
4870,81500.0
4871,50800.0
4872,164800.0
4873,57400.0
4874,221400.0
4875,179500.0
4876,36900.0
4877,36400.0
4878,30700.0
4879,112700.0
4880,159700.0
4881,243700.0
4882,50800.0
4883,254100.0
4884,127000.0
4885,57800.0
4886,57200.0
4887,92900.0
4888,57300.0
4889,224000.0
4890,67500.0
4891,152400.0
4892,91500.0
4893,59300.0
4894,117600.0
4895,27600.0
4896,151300.0
4897,134400.0
4898,72800.0
4899,204600.0
4900,74100.0
4901,38100.0
4902,109700.0
4903,66200.0
4904,29900.0
4905,35600.0
4906,34900.0
4907,488800.0
4908,22200.0
4909,88600.0
4910,165900.0
4911,115300.0
4912,63200.0
4913,59300.0
4914,115600.0
4915,109200.0
4916,57700.0
4917,249000.0
4918,47500.0
4919,56100.0
4920,156300.0
4921,38900.0
4922,102100.0
4923,35100.0
4924,113000.0
4925,38800.0
4926,106000.0
4927,180400.0
4928,131500.0
4929,240800.0
4930,131300.0
4931,42000.0
4932,236700.0
4933,70100.0
4934,161500.0
4935,73100.0
4936,119100.0
4937,22800.0
4938,252300.0
4939,262200.0
4940,31800.0
4941,93800.0
4942,209700.0
4943,77100.0
4944,135300.0
4945,106000.0
4946,501500.0
4947,69100.0
4948,62700.0
4949,15400.0
4950,124000.0
4951,69300.0
4952,37500.0
4953,115400.0
4954,50300.0
4955,97000.0
4956,64200.0
4957,47600.0
4958,53400.0
4959,123300.0
4960,91100.0
4961,104400.0
4962,101200.0
4963,202900.0
4964,58100.0
4965,80300.0
4966,101200.0
4967,115600.0
4968,69700.0
4969,50400.0
4970,116600.0
4971,44700.0
4972,81300.0
4973,102600.0
4974,194500.0
4975,94600.0
4976,43400.0
4977,102300.0
4978,524400.0
4979,39000.0
4980,87300.0
4981,486600.0
4982,88900.0
4983,227600.0
4984,110200.0
4985,63300.0
4986,87000.0
4987,41600.0
4988,57600.0
4989,50200.0
4990,1005800.0
4991,28400.0
4992,151800.0
4993,98500.0
4994,176700.0
4995,68400.0
4996,107200.0
4997,79400.0
4998,105200.0
4999,21700.0
